name,pixels,area_m2,mpp
road,24079,9887.4835,0.640802
green,2737,1123.8856,0.640802
