name,pixels,area_m2,mpp
road,6769,2315.8011,0.584909
green,202,69.1080,0.584909
